,Title,Published_date,Views,Likes,Comments,Month
0,Programmer or Zookeeper? ü§îüêçüêº #dataanalysis #datascience #data #shorts,2023-09-03,12440,713,18,Sep
1,Using CHATGPT for DATA ANALYST interview! üß†üí° #dataanalysis #datascience #data #shorts,2023-09-02,5186,640,4,Sep
2,Nurseüë©‚Äç‚öïÔ∏è to Momüë®‚Äçüë©‚Äçüë¶ to Data Analystüìä #dataanalysis #datascience #data #shorts,2023-09-01,5474,237,4,Sep
3,Something MORE IMPORTANT than tech skills! ü§îü§Ø #dataanalysis #datascience #data #shorts,2023-08-31,5743,448,3,Aug
4,Data Scientist Job-Ready Checklist: Know Where You Stand! üöÄüöÄ,2023-08-30,8966,435,39,Aug
5,5 Ways SQL is used in Data Industry! #dataanalysis #datascience #data #shorts,2023-08-30,5588,519,5,Aug
6,3 ways to use ChatGPT for data analyst job interview! üë®‚Äçüíª  #dataanalysis #datascience #data #shorts,2023-08-29,9973,1085,8,Aug
7,Search Skill OR Memorization Skill? üòï #dataanalysis #datascience #data #shorts,2023-08-28,6884,609,21,Aug
8,Power BI DAX Tip | Using Variables üí° #dataanalysis #datascience #data #shorts,2023-08-27,2752,203,0,Aug
9,Power BI DAX Tip | Graceful Division ‚ûóüí°  #dataanalysis #investing #data #shorts,2023-08-26,3296,201,6,Aug
10,Data Informed vs. Data Driven Decision Making! ü§îüìä  #dataanalysis #datascience  #data #shorts,2023-08-25,3902,274,8,Aug
11,Don't ignore this if you are building a dashboard! üìä‚úè  #dataanalytics #datascience #data #shorts,2023-08-24,12006,783,6,Aug
12,India is now on the moonüåù#codebasics #chandrayaan3 #chandrayaan3mission #chandrayaan #data #shorts,2023-08-24,4332,298,13,Aug
13,He became a data analyst at age 51! üë®‚Äç‚öïÔ∏è‚û°üìäüò≤ #dataanalytics #data #datascience #shorts,2023-08-23,7021,418,5,Aug
14,LLM Explained Simply |  What is LLM?,2023-08-22,8500,485,45,Aug
15,Top 5 BI Tools in Market! üìä  #dataanalytics #data #datascience #shorts,2023-08-22,8672,390,9,Aug
16,Should you switch to Polar from Pandas?  #dataanalytics #datascience #data #shorts,2023-08-21,15304,718,13,Aug
17,Confused : Python or SQL? #dataanalytics #data #datascience #shorts,2023-08-20,10404,687,12,Aug
18,5 Dashboarding Tipsüí° #shorts #dataanalytics #data #datascience,2023-08-19,3719,290,1,Aug
19,You are missing out on a good friend #shorts #dataanalytics #data #datascience,2023-08-18,7170,547,10,Aug
20,Live Winners & Top 20 Submissions Announcement | Marketing Insights | Challenge#6 | Q & A,2023-08-17,3555,94,6,Aug
21,The Most Critical Underrated Skill for Data Analysts in 2023 | Unveiling the Secret,2023-08-16,10324,431,29,Aug
22,Real-time data project | Present Insights & get recognized by the government of Telangana | RPC#7,2023-08-11,14676,504,39,Aug
23,Data Analyst Job-Ready Checklist: Know Where You Stand! üöÄüöÄ,2023-08-04,42059,1890,106,Aug
24,Data Analyst at FORD after 7 years in Mechanical Engineering,2023-08-01,12912,346,16,Aug
25,SQL Tutorial For Beginners | MySQL Tutorial,2023-07-29,22711,624,60,Jul
26,Business Math & Statistics Using Excel For Data Analysts and Data Scientists,2023-07-21,26572,792,26,Jul
27,How to use ChatGPT on your data - End to End Project | OpenAI Function Calling For Beginners,2023-07-12,19099,512,39,Jul
28,OpenAI Api Crash Course For Beginners | Financial Data Extraction Tool Using OpenAI API,2023-07-05,21801,643,32,Jul
29,LangChain Crash Course For Beginners | LangChain Tutorial,2023-06-30,54876,1843,105,Jun
30,End-to-End NLP Project | Build a Chatbot in Dialogflow | NLP Tutorial | S3 E2,2023-06-23,59424,1449,152,Jun
31,Resume Challenge #5 Winner Announcement: Provide Insights to Telangana Government Tourism Department,2023-06-20,4543,82,5,Jun
32,Introduction to Chatbots | NLP Tutorial | S3 E1,2023-06-16,8856,324,23,Jun
33,How He Grew His Business 3X Using Data Analytics | Mechanical Engineer to Data Analyst,2023-06-01,11027,280,13,Jun
34,Know this before you start learning any technology üöÄ,2023-05-27,12653,723,3,May
35,Hacks for Moms With a Career Break to Become a Data Analyst [Unfiltered Process],2023-05-25,13475,437,50,May
36,Will AI Replace Data Analyst Jobs?,2023-05-20,63320,1667,163,May
37,"ChatGPT vs BARD, Which is better?",2023-05-17,13580,330,38,May
38,Watch this if you have a CAREER GAP,2023-05-16,17433,1340,39,May
39,5 Ways to Learn Data Analytics By Solving Real-Life Problems,2023-05-13,16799,486,28,May
40,Static Resumes Are Dying...,2023-05-10,22749,1234,14,May
41,Codebasics Data Analyst Bootcamp is Now LIVE üî•,2023-04-27,26430,642,289,Apr
42,Is Python Really Needed For a Data Analyst Job?,2023-04-22,27739,1078,53,Apr
43,5 Ways To Get a JOB in the USA from India,2023-04-18,72985,2358,80,Apr
44,Resume Challenge #4 Winner Announcement: Provide Insights to Management in Consumer Goods Domain,2023-03-28,3273,95,4,Mar
45,B.Com to Data Analytics Transition,2023-03-18,11692,395,41,Mar
46,GPT-4 Demo | GPT3 vs GPT4,2023-03-15,122778,1452,145,Mar
47,What is STAR schema | Star vs Snowflake Schema | Fact vs Dimension Table,2023-02-16,39007,1863,68,Feb
48,How Omdena helped her get a Data Scientist job!,2023-02-11,8517,337,29,Feb
49,Team Codebasics UNITED üî•üéá,2023-02-08,21147,1235,23,Feb
50,Can I learn data science if I am more than 30?,2023-02-07,11834,687,96,Feb
51,How Data Analysts Build Dashboard in Real Time? | Revenue Insights | Hospitality Domain,2023-02-04,176627,5086,167,Feb
52,These folks were HIRED as Data Analysts without an interview!,2023-01-28,29868,857,38,Jan
53,Do people really get a Job via Job guarantee programs?,2023-01-24,19842,474,130,Jan
54,5 data analyst projects to land a job at 0 $ | All Materials Included,2023-01-21,98869,3976,96,Jan
55,Resume Challenge #3 Winner Announcement: Insights to the Executive Team in the Telecom Domain,2023-01-13,3031,82,1,Jan
56,Data Science Roadmap 2023 | Learn Data Science Skills in 6 Months,2023-01-12,334445,16565,624,Jan
57,B Com to Software Developer Transition,2023-01-10,7097,300,52,Jan
58,"Codebasics Live Data Quiz | 6 Jan, 7.30 pm IST, 2023",2023-01-06,3464,144,15,Jan
59,SQL Job Options | Career Paths After Learning SQL,2023-01-05,21663,624,40,Jan
60,Data Analyst Roadmap 2023 | Learn data analytics skills in 3 months,2023-01-02,280924,10490,336,Jan
61,5 Unique Python Project Ideas for Your Resume | Python Projects for Beginners to Advanced,2022-12-28,63349,2199,52,Dec
62,Which jobs are secure against ChatGPT breakthrough? üôÑ,2022-12-23,23430,865,101,Dec
63,Top 8 Python Libraries You Must Know In 2023 For Data Science | Python Modules for Data Science,2022-12-22,36670,1272,40,Dec
64,"End To End Cricket Data Analytics Project Using Web Scraping, Python, Pandas and Power BI",2022-12-16,287159,7425,324,Dec
65,7 Job Options After Learning Python | Python Career Opportunities,2022-12-09,56040,1644,70,Dec
66,Codebasics Reached 700K Subscribers Mark. Thank You All üôè,2022-12-07,8592,459,17,Dec
67,How important are Excel skills for a Data Career?,2022-11-30,16429,834,13,Nov
68,5 Ways SQL is Used In The Data Industry,2022-11-26,14376,427,15,Nov
69,What Can I Do To Survive Recession? | Impact Of Recession On Data Jobs,2022-11-22,14014,514,27,Nov
70,Future belongs to those...,2022-11-22,37292,2571,23,Nov
71,SQL Course Live Now On Codebasics.io | SQL For Beginner and Advanced Users,2022-11-17,33429,578,78,Nov
72,SQL Course Movie Trailer,2022-11-15,27273,709,88,Nov
73,Get a Data Science Interview Call Using Cold Emailing,2022-11-12,7547,276,10,Nov
74,Resume Project Challenge #2 Winner Announcement: Supply Chain Insights In FMCG Domain,2022-11-10,4983,126,3,Nov
75,"4 Tips For Building Powerful Data Science Projects. Ft. Nick Singh (Ex. Facebook, Google)",2022-11-05,10611,332,13,Nov
76,fastText tutorial | Text Classification Using fastText | NLP Tutorial For Beginners - S2 E13,2022-10-28,15905,514,39,Oct
77,fastText Tutorial | Train Custom Word Vectors in fastText | NLP Tutorial For Beginners - S2 E12,2022-10-22,18477,388,41,Oct
78,Free data analytics project for your resume with FMCG / Supply Chain dataset | Challenge #2,2022-10-12,25163,596,33,Oct
79,News classification using Gensim word vectors: NLP Tutorial For Beginners - S2 E11,2022-10-11,10087,382,35,Oct
80,Resume Project Challenge Winner Announcement: Revenue Insights In Hospitality Domain,2022-10-10,6707,151,6,Oct
81,Word vectors in Gensim overview: NLP Tutorial For Beginners - S2 E10,2022-10-05,10843,381,20,Oct
82,News classification using Spacy word vectors: NLP Tutorial For Beginners - S2 E9,2022-10-01,13201,411,26,Oct
83,Word vectors in Spacy overview: NLP Tutorial For Beginners - S2 E8,2022-09-28,11472,253,12,Sep
84,AI/Ml Career Insights From Google's AI Cloud Solution Services Head - India,2022-09-24,11834,276,15,Sep
85,Free data analytics project for your resume with hospitality dataset | Challenge #1,2022-09-21,20659,589,16,Sep
86,3 Important things to get your resume picked,2022-09-19,6668,285,7,Sep
87,Three excellent websites to practice SQL interview questions üî•,2022-09-17,16124,975,8,Sep
88,NVIDIA GPU Giveaway | World's Biggest FREE AI Conference - NVIDIA GTC Fall 2022,2022-09-16,5800,186,110,Sep
89,Build a Stand-Out Data Science Project Portfolio With Omdena,2022-09-14,30912,975,35,Sep
90,8 Data Analyst Skills in 2022 | Ironman Style üî•üî•,2022-09-12,20708,1356,17,Sep
91,6 Power BI Skills To Become A Successful Data Analyst üî•üî•,2022-09-09,14691,708,7,Sep
92,Text Representation Using Word Embeddings: NLP Tutorial For Beginners - S2 E7,2022-09-08,22021,538,25,Sep
93,Data Analyst Project For Beginners (HR Analytics): 6 - Closing,2022-09-05,23059,434,39,Sep
94,Data Analyst Project For Beginners (HR Analytics): 5 - Dashboarding,2022-09-05,18437,220,24,Sep
95,Data Analyst Project For Beginners (HR Analytics): 4 - Creating Metrics,2022-09-05,20693,221,62,Sep
96,Data Analyst Project For Beginners (HR Analytics): 3 - Data Gathering & Transformation,2022-09-05,40342,496,62,Sep
97,Data Analyst Project For Beginners (HR Analytics): 2 - Understanding Requirements,2022-09-05,36957,477,26,Sep
98,Data Analyst Project For Beginners (HR Analytics): 1 - Problem Statement,2022-09-05,63321,964,34,Sep
99,Codebasics Day: Live Fun Data Quiz With Prizes For Winners,2022-09-05,2627,72,3,Sep
100,Teachers Who Influenced us,2022-09-05,1187,44,3,Sep
101,"Codebasics Day: New Initiative To Help Data Science, Data Analytics Learners",2022-09-05,5978,241,18,Sep
102,Codebasics Day: The Teacher Who Doesn‚Äôt Want to Retire,2022-09-05,4501,372,42,Sep
103,"Big Announcement, Live Stream | 5th September - Codebasics Day",2022-09-02,8488,235,33,Sep
104,SQL Interview Questions and Answers Practice | 3 Best Websites,2022-09-01,30913,1389,36,Sep
105,Your First Data Analytics Project,2022-08-30,93562,6636,32,Aug
106,What is Business Intelligence Tool? What is Power BI?,2022-08-27,23605,489,25,Aug
107,Not getting answers for your questions? Try this POWERFUL techniqueüöÄ,2022-08-25,5617,368,5,Aug
108,Having a confusion on your career? Try this bottom up approach!,2022-08-20,12766,466,41,Aug
109,Text Representation Using TF-IDF: NLP Tutorial For Beginners - S2 E6,2022-08-17,26192,548,20,Aug
110,Text Representation Using Bag Of n-grams: NLP Tutorial For Beginners - S2 E5,2022-08-13,20531,436,29,Aug
111,Study plan to crack FAANG job interviews | MAANG interview preparation guide,2022-08-06,190843,6613,145,Aug
112,Stop Words: NLP Tutorial For Beginners - S2 E4,2022-08-04,12877,314,20,Aug
113,Pandas Memory Optimization Tips,2022-08-01,5271,245,11,Aug
114,What exactly is insights to space ratio in BI dashboard?,2022-07-27,7192,307,5,Jul
115,Text Representation Using Bag Of Words (BOW): NLP Tutorial For Beginners - S2 E3,2022-07-25,23110,537,29,Jul
116,Data Analytics Live Q&A - 24th July,2022-07-24,8190,267,25,Jul
117,The Learning Resource That Helped People Crack Job Interviews at Meta and Walmart,2022-07-21,8148,215,14,Jul
118,What Learners Think About Codebasics Data Analytics Course?,2022-07-15,8883,221,66,Jul
119,Text Representation: Label & One Hot Encoding: NLP Tutorial For Beginners - S2 E2,2022-07-14,16461,553,24,Jul
120,How to Design an Effective Data Visualization Dashboard?,2022-07-09,55592,658,17,Jul
121,What are the features in machine learning?,2022-07-07,8120,236,16,Jul
122,Resume Tips: Interests and Hobbies Section,2022-07-06,25241,787,8,Jul
123,Data Visualization Tip: Provide a Context,2022-07-04,8019,406,7,Jul
124,Text Representation Basics: NLP Tutorial For Beginners - Season 2 Episode 1,2022-07-01,16351,498,18,Jul
125,Resume Tip: Use STAR Method to Describe Project Experience,2022-06-30,12598,564,4,Jun
126,Deepnote = Jupyter notebook for collaboration ü§ù | Deepnote Tutorial,2022-06-29,8447,200,14,Jun
127,Resume Tip: Concrete Proof Over a Vague Claim,2022-06-27,8833,334,4,Jun
128,Data Visualization Tip: Start Your Chart With ZERO,2022-06-25,24972,1152,13,Jun
129,Data Visualization Tip - What is Ribbon chart?,2022-06-23,18639,873,18,Jun
130,Python Course is LIVE now üî•üî•üî•,2022-06-21,23847,633,115,Jun
131,Data Visualization Tip - Pie Chart or Bar Chart?,2022-06-15,13743,638,19,Jun
132,Data Analyst & Software Engineer Resume Tips and Templates,2022-06-11,44652,1285,52,Jun
133,Data Analytics Live Q&A,2022-06-05,10413,329,23,Jun
134,Named Entity Recognition (NER): NLP Tutorial For Beginners - S1 E12,2022-06-03,49395,1056,41,Jun
135,A Killer Update In Power BI üî•,2022-05-31,100431,4004,24,May
136,Data Analytics In Power BI Tutorials For Beginners: The Course is now LIVE üöÄ,2022-05-26,56521,1019,167,May
137,Must have skill for exploratory data analysis.,2022-05-21,15979,684,24,May
138,Data science skills 10 years from now!,2022-05-16,21661,1019,41,May
139,Part Of Speech POS Tagging: NLP Tutorial For Beginners - S1 E11,2022-05-14,24886,604,38,May
140,Future of NLP Jobs,2022-05-11,31708,1375,31,May
141,How do I learn the GIT version control system easily?,2022-05-09,13526,603,15,May
142,Stemming and Lemmatization: NLP Tutorial For Beginners - S1 E10,2022-05-07,31243,940,28,May
143,Future of data science jobs,2022-05-05,116441,6391,93,May
144,Do you have a fear of coding? Try this!,2022-05-02,28351,1570,48,May
145,"Preparing Kids For Data Science, AI Career | Don't Spoil Their Childhood!",2022-04-29,82520,1940,213,Apr
146,Language Processing Pipeline in Spacy: NLP Tutorial For Beginners - S1 E9,2022-04-26,25766,832,34,Apr
147,From an Intern to a CEO in 4 years,2022-04-22,11001,295,26,Apr
148,Tokenization in Spacy: NLP Tutorial For Beginners - S1 E8,2022-04-20,37361,1322,36,Apr
149,The New Beginning,2022-04-15,34860,2174,291,Apr
150,The END of the Journey,2022-04-09,65425,3803,583,Apr
151,USA vs Canada For Masters Studies,2022-04-06,62866,1600,164,Apr
152,Spacy vs NLTK: NLP Tutorial For Beginners In Python - S1 E7,2022-04-01,49250,1590,49,Apr
153,How can you find the best career for yourself? Finding your IKIGAI,2022-03-28,21890,786,81,Mar
154,NLP Pipeline: NLP Tutorial For Beginners In Python - S1 E6,2022-03-26,46435,1240,47,Mar
155,NVIDIA GTC & A Giveaway!,2022-03-19,5855,217,46,Mar
156,My YouTube Setup Upgrades,2022-03-17,3664,118,17,Mar
157,The most common mistake by a new programmer!,2022-03-12,16614,833,34,Mar
158,The Great Career Transition Era Has Arrived | You Can Do Anything,2022-03-08,22188,982,81,Mar
159,How to build domain knowledge,2022-03-04,40561,1451,97,Mar
160,What is Metaverse? Metaverse Career Opportunities,2022-02-26,35366,1039,56,Feb
161,Upcoming in-person meetup,2022-02-22,7249,175,20,Feb
162,NLP Tasks: NLP Tutorial For Beginners In Python - S1 E5,2022-02-19,41972,966,41,Feb
163,"Reality behind data science, machine learning jobs",2022-02-16,1223749,58123,426,Feb
164,Business Degree To Data Science At Amazon & Google | Sundas' Inspirational Story @SundasKhalid,2022-02-12,81032,1749,72,Feb
165,Code Monkey Mindset,2022-02-09,16067,827,20,Feb
166,Three Category Of Techniques for NLP : NLP Tutorial For Beginners In Python - S1 E4,2022-02-06,54325,1309,34,Feb
167,Is Python A Slow Language?,2022-02-05,23216,1319,61,Feb
168,Aim Higher | Job Search Advice,2022-02-02,18869,1186,35,Feb
169,Regex For NLP: NLP Tutorial For Beginners In Python - S1 E3,2022-01-29,105209,2491,91,Jan
170,Why NLP is booming right now? | NLP Tutorial For Beginners In Python - S1 E2,2022-01-27,88797,2031,61,Jan
171,Not getting enough time to learn data science? Here is the time savings tip!,2022-01-26,25761,1286,26,Jan
172,Introduction | NLP Tutorial For Beginners In Python  -  Season 1 Episode 1,2022-01-22,215040,4118,143,Jan
173,Codebasics Coding Competition: üí• ùêÇùêéùêÉùêÑ-ùêÄ-ùêìùêáùêéùêç üí•,2022-01-21,8515,298,18,Jan
174,Data Engineering Interview Tips By Airbnb Data Engineer | Part 2,2022-01-15,26194,720,29,Jan
175,Why I love Python?,2022-01-12,11783,733,35,Jan
176,Data Engineering Career Tips By Airbnb Data Engineer | Part 1,2022-01-09,81426,2297,62,Jan
177,Data Science Masters In USA - Live Q&A,2022-01-02,12299,403,22,Jan
178,Is Auto ML going to kill data science jobs?,2021-12-29,40302,1083,51,Dec
179,Simple explanation of Modified Z Score | Modified Z Score to detect outliers with python code,2021-12-25,19417,518,41,Dec
180,Masters in Physics to Data Scientist Career Transition Story,2021-12-21,26647,985,94,Dec
181,Single tip to make fast progress in your job | Skyrocket your career with this single tip,2021-12-16,13576,584,37,Dec
182,5x your productivity with this single app: Notion | How I use notion to manage my youtube channel,2021-12-10,12885,261,31,Dec
183,Step by step process of thinking like a data analyst | How a data analyst thinks,2021-12-04,36877,1453,98,Dec
184,Regular Expression Tutorial Python | Python Regex Tutorial,2021-12-01,73851,2214,109,Dec
185,"The real importance of a degree in data science, software engineering interview",2021-11-30,61374,2490,41,Nov
186,Common mistakes junior programmers make | Programming tips,2021-11-27,18488,608,48,Nov
187,When you say YES to something you are saying NO to something else.,2021-11-25,13262,436,16,Nov
188,"Live Q&A: Data Science, ML. Ft: Anuj Gupta (Head of Machine Learning @ Vahan Inc, NLP Book Author)",2021-11-20,7460,230,10,Nov
189,Data Science Projects For Resume | Machine Learning Projects With Source Code,2021-11-13,355734,11515,156,Nov
190,Statistics Books For Data Science and Machine Learning,2021-11-10,38808,1064,62,Nov
191,Free datasets for machine learning and data science projects,2021-11-07,18571,697,34,Nov
192,Data Engineer At Grubhub After 6 Years Of Career Break,2021-11-02,19943,509,62,Nov
193,"He won $21,000 in a Live Hacking Event | Bug Bounty",2021-10-28,25550,919,49,Oct
194,Interview Tips With @gkcs‚Äã,2021-10-24,9214,259,14,Oct
195,Machine Learning Tutorial Python - 21: Ensemble Learning - Bagging,2021-10-22,62662,1525,85,Oct
196,Machine Learning Tutorial Python - 20: Bias vs Variance In Machine Learning,2021-10-19,51089,1576,61,Oct
197,Lawyer to a Software Engineer At Google,2021-10-16,16491,594,72,Oct
198,NVIDIA GTC 21 & a Giveaway !,2021-10-12,6824,275,220,Oct
199,Machine Learning Tutorial Python - 19: Principal Component Analysis (PCA) with Python Code,2021-10-09,121149,2467,126,Oct
200,Machine Learning Tutorial Python - 18: K nearest neighbors classification with python code,2021-10-06,113370,1861,74,Oct
201,How do I transition from software development to data science?,2021-10-04,14837,481,54,Oct
202,"What is Hypothesis Testing ? Math, Statistics for data science, machine learning",2021-10-02,74953,2223,117,Oct
203,Deep learning project end to end | Potato Disease Classification - 8 : Mobile App in React Native,2021-09-27,39671,520,58,Sep
204,How do I transition from software testing to data science?,2021-09-25,31707,799,65,Sep
205,Career Gap and Now a Machine Learning Engineer At Sony,2021-09-18,13940,363,58,Sep
206,Simple explanation of A/B Testing,2021-09-15,68378,1588,47,Sep
207,Deep learning project end to end | Potato Disease Classification - 7 : Model Deployment To GCP,2021-09-12,32440,327,64,Sep
208,Deep learning project end to end | Potato Disease Classification - 6 : ImageDataGenerator API,2021-09-11,28706,290,20,Sep
209,18 Lakh Per Annum Job Offer As a Data Science Fresher | Geology to Data Science,2021-09-08,164273,5070,238,Sep
210,How to code faster - 7 tips to improve code development speed,2021-09-04,9436,408,27,Sep
211,"Salary Negotiation Tips levels.fyi founder (Ex Linkedin, Amazon Engineer)",2021-08-29,14668,290,14,Aug
212,"Text Classification Using BERT & Tensorflow | Deep Learning Tutorial 47 (Tensorflow, Keras & Python)",2021-08-28,112279,1891,120,Aug
213,"Resume tips from levels.fyi founder (Ex Linkedin, Amazon Engineer) | Part 1",2021-08-28,7977,216,14,Aug
214,"Importance of Data Structures, Algorithms and Competitive Coding In Data Science Career",2021-08-27,34787,1205,77,Aug
215,Deep learning project end to end | Potato Disease Classification - 5 : Website (In React JS),2021-08-26,40449,497,99,Aug
216,Deep learning project end to end | Potato Disease Classification - 4 : FastAPI/tf serving Backend,2021-08-25,72210,631,113,Aug
217,Deep learning project end to end | Potato Disease Classification - 3 : Model Building,2021-08-24,85701,1141,167,Aug
218,"Deep learning project end to end | Potato Disease Classification - 2 :Data collection, preprocessing",2021-08-23,145206,2713,140,Aug
219,Deep learning project end to end | Potato Disease Classification Using CNN - 1 : Problem Statement,2021-08-22,191909,3276,122,Aug
220,FastAPI Tutorial | FastAPI vs Flask,2021-08-18,56749,1355,58,Aug
221,I am really sorry about this!,2021-08-16,52511,1930,75,Aug
222,Is age a barrier to learn data science?,2021-08-14,43133,1684,129,Aug
223,"Quantization in deep learning | Deep Learning Tutorial 49 (Tensorflow, Keras & Python)",2021-08-14,34498,1105,104,Aug
224,Do you need a college degree for data science or coding career?,2021-08-11,16205,724,84,Aug
225,"He has worked for Facebook, Google, Microsoft AI Research Teams | Data Scientist",2021-08-07,12621,375,34,Aug
226,"tf serving tutorial | tensorflow serving tutorial | Deep Learning Tutorial 48 (Tensorflow, Python)",2021-08-05,38309,670,38,Aug
227,What is Self Supervised Learning?,2021-08-04,17724,391,22,Aug
228,How Kaggle Helped Him Become ML Engineer With Mechanical Engineer Degree,2021-07-31,109816,3456,145,Jul
229,3 ways you can switch to a data science career from non technical background,2021-07-27,37973,901,121,Jul
230,"Text Classification Using BERT & Tensorflow | Deep Learning Tutorial 47 (Tensorflow, Keras & Python)",2021-07-24,21686,532,83,Jul
231,"What is BERT? | Deep Learning Tutorial 46 (Tensorflow, Keras & Python)",2021-07-22,182485,5916,188,Jul
232,250 to 650 People During Pandemic | Hypergrowth Story of Bacancy Technology,2021-07-20,4963,99,3,Jul
233,"Cosine similarity, cosine distance explained | Math, Statistics for data science, machine learning",2021-07-15,44397,1118,55,Jul
234,Not getting interview calls? Try these 3 effective tips,2021-07-12,32996,1432,151,Jul
235,Mumbai freelancer earns 3 lakh INR a month with data engineering,2021-07-10,121904,3442,154,Jul
236,"sin cos tan explained. Explanation using real life example | Math, Statistics for data science",2021-07-08,30369,929,40,Jul
237,He got 4 data analyst job offers | Mechanical engineer to data analyst,2021-07-05,87062,2189,116,Jul
238,Practical AI: Is it all about building models | Conversation with head of machine learning @Vahan,2021-07-03,8483,286,37,Jul
239,How useful are certificates to get a data science job?,2021-06-30,41356,1147,197,Jun
240,"He cracked FAANG (MAANG) interviews in 10 companies including Amazon, Facebook, UBER, Microsoft",2021-06-19,641718,13893,636,Jun
241,Optimize Tensorflow Pipeline Performance: prefetch & cache | Deep Learning Tutorial 45 (Tensorflow),2021-06-15,24658,689,41,Jun
242,How amazon uses data science? | Woman in data science | Career tips from Amazon Data Scientist,2021-06-12,60268,1538,120,Jun
243,"Tensorflow Input Pipeline | tf Dataset | Deep Learning Tutorial 44 (Tensorflow, Keras & Python)",2021-06-10,72446,1571,74,Jun
244,3 Most Important Skills to Become A Data Scientist,2021-06-06,174787,2039,167,Jun
245,Crypto & Blockchain Live,2021-06-05,4572,110,9,Jun
246,Distributed Training On NVIDIA DGX Station A100 | Deep Learning Tutorial 43 (Tensorflow & Python),2021-06-01,25759,531,49,Jun
247,How to build a software product and sell it for multimillion $$$? | Become a software entrepreneur,2021-05-29,13065,394,33,May
248,How I Learned Data Science | My Data Science Journey,2021-05-24,86964,3373,293,May
249,Data Science Internship LIVE Q&A With Tesla Data Science Intern,2021-05-22,23926,821,28,May
250,Word2Vec Part 2 | Implement word2vec in gensim |  | Deep Learning Tutorial 42 with Python,2021-05-21,66207,1412,95,May
251,GPU Burn Test | NVIDIA DGX Station A100 Thermal Benchmark,2021-05-19,7228,135,11,May
252,Do you want to start a business or have entrepreneurship dreams? Here is the live guidance session,2021-05-16,4768,174,22,May
253,How do I stay updated in Data Science?,2021-05-15,18571,558,44,May
254,"Log normal distribution | Math, Statistics for data science, machine learning",2021-05-14,70524,1627,74,May
255,Complete Roadmap for Machine Learning | ML Roadmap for Beginners,2021-05-11,214056,7866,268,May
256,Data Scientist & Software Engineer Salaries in 2021,2021-05-08,32636,569,48,May
257,"Descriptive vs Inferential Statistics | Math, Statistics for data science, machine learning",2021-05-05,51961,1611,91,May
258,Live Data Science Q&A: Charity Stream To Help India Fight COVID,2021-05-02,3932,162,10,May
259,"Median, Mean, Mode, Percentile | Math, Statistics for data science, machine learning",2021-05-01,85521,2067,96,May
260,What is machine learning lifecycle? | What is Model Development Life Cycle (MDLC)? MDLC vs SDLC,2021-04-29,7169,237,16,Apr
261,"Normal Distribution and Z Score | Math, Statistics for data science, machine learning",2021-04-26,82069,2224,189,Apr
262,"What is Standard Deviation and Mean Absolute Deviation | Math, Statistics for data science, ML",2021-04-23,86275,2278,129,Apr
263,Introduction | Mathematics and statistics for data science and machine learning,2021-04-18,202248,4355,330,Apr
264,"What is logarithm? | Math, Statistics for data science, machine learning",2021-04-18,81575,2404,185,Apr
265,LIVE: Data Science Q&A,2021-04-17,12305,402,23,Apr
266,Business Analyst VS Data Analyst,2021-04-15,98433,2898,163,Apr
267,What is Edge AI? | What is edge computing?,2021-04-13,15348,451,25,Apr
268,FIRST LOOK: NVIDIA DGX Station A100 Unboxing,2021-04-12,46104,814,98,Apr
269,LIVE Data Analyst Q&A Ft. Alex The Analyst,2021-04-10,10440,439,29,Apr
270,Why bitcoin price is going up? | Why crypto going up?,2021-04-09,4506,158,30,Apr
271,"PHD in machine learning or data science, is it worth?",2021-04-08,33066,733,68,Apr
272,How bitcoin miners collect their reward? | How miners send mining reward in their digital wallet?,2021-04-05,29943,681,148,Apr
273,"What is Word2Vec? A Simple Explanation | Deep Learning Tutorial 41 (Tensorflow, Keras & Python)",2021-04-04,105220,2780,92,Apr
274,LIVE Data Science and Programming Q&A: Ft. Bhavesh Bhatt,2021-04-03,4841,193,12,Apr
275,He completed his data science masters in USA for FREE!,2021-04-01,32981,710,17,Apr
276,Join with me to attend FREE AI Conference NVIDIA GTC: April 12 to 16,2021-03-27,4559,178,188,Mar
277,LIVE Q&A: Data science transition from non technical background,2021-03-26,5279,174,8,Mar
278,"Word embedding using keras embedding layer | Deep Learning Tutorial 40 (Tensorflow, Keras & Python)",2021-03-24,50358,1090,52,Mar
279,What is Bitcoin | How does bitcoin work | Easy Explanation of Bitcoin | Explain Bitcoin as If I am 5,2021-03-20,28914,751,95,Mar
280,How can you start learning data science from your school days?,2021-03-19,5313,146,56,Mar
281,Masters in data science or computer science with ML subjects? Which one is better?,2021-03-17,80536,1368,171,Mar
282,How do I manage time for youtube channel and 9 to 6 job?,2021-03-14,10011,563,86,Mar
283,"Converting words to numbers, Word Embeddings | Deep Learning Tutorial 39 (Tensorflow & Python)",2021-03-13,59554,1370,58,Mar
284,Mechanical Engineer To Data Analyst,2021-03-11,45290,1026,65,Mar
285,Should I join startup OR a big mnc company OR pursue masters abroad ?,2021-03-09,7145,388,53,Mar
286,Ask me anything: LIVE Q&A,2021-03-07,4626,212,38,Mar
287,Masters in business analytics from Australia | Guidance and tips,2021-03-06,40868,928,72,Mar
288,Python Pandas Tutorial 15. Handle Large Datasets In Pandas | Memory Optimization Tips For Pandas,2021-03-04,39254,870,21,Mar
289,Petroleum Engineer To Data Scientist,2021-03-02,16013,352,28,Mar
290,"Bidirectional RNN | Deep Learning Tutorial 38 (Tensorflow, Keras & Python)",2021-02-28,45629,1002,38,Feb
291,"Bug Wars Episode 1: Software Engineer VS a BUG, An Epic Battle, Star Wars Style",2021-02-27,4099,153,47,Feb
292,Why is Python slow?,2021-02-24,9671,502,68,Feb
293,Simple Explanation of GRU (Gated Recurrent Units) | Deep Learning Tutorial 37 (Tensorflow & Python),2021-02-21,78093,1625,31,Feb
294,Conversation With a Python Steering Council Member,2021-02-20,2420,133,6,Feb
295,Learn DevOps Skills For Free Using KodeKloud Engineer,2021-02-17,19396,557,47,Feb
296,Data Science Masters in USA | Guidance and Tips,2021-02-14,64260,1919,82,Feb
297,Simple Explanation of Recursion | Recursion Python| Data Structures & Algorithms Tutorial Python #20,2021-02-13,79431,2356,136,Feb
298,QR Code In 10 lines of Python Code | Generate and Access QR Code Easily Using Python,2021-02-09,120359,2349,116,Feb
299,"Simple Explanation of LSTM | Deep Learning Tutorial 36 (Tensorflow, Keras & Python)",2021-02-06,306769,7038,229,Feb
300,Power BI Data Analytics Project: Personal Finance Dashboard,2021-01-30,112242,2496,186,Jan
301,Instagram automation with 10 lines of python code | Python Instagram BOT,2021-01-27,271106,6196,635,Jan
302,"Vanishing and exploding gradients | Deep Learning Tutorial 35 (Tensorflow, Keras & Python)",2021-01-23,64277,1616,54,Jan
303,Parameters vs hyperparameters in machine learning,2021-01-21,31717,761,31,Jan
304,He got 5 internships and 2 job offers | Interview with Zomato machine learning engineer,2021-01-17,7770,270,56,Jan
305,Not getting any interview calls? Do this. |  How to get interview calls?,2021-01-16,44698,1405,127,Jan
306,Should I pursue data analyst masters in USA?,2021-01-15,32433,616,90,Jan
307,Types of RNN | Recurrent Neural Network Types | Deep Learning Tutorial 34 (Tensorflow & Python),2021-01-15,47251,996,18,Jan
308,"What is Recurrent Neural Network (RNN)? Deep Learning Tutorial 33 (Tensorflow, Keras & Python)",2021-01-12,213671,4274,128,Jan
309,Do this to get a data science job abroad,2021-01-10,82017,2592,167,Jan
310,"Going to USA for data science Or computer science masters, good idea?",2021-01-08,135174,5316,401,Jan
311,Object detection using YOLO v4 and pre trained model | Deep Learning Tutorial 32 (Tensorflow),2021-01-07,150946,2735,96,Jan
312,Bitcoin mining with 15 lines of python code Python Bitcoin Tutorial,2021-01-03,1089936,31681,2835,Jan
313,Data Scientist vs Machine Learning Engineer | DS vs ML,2021-01-02,110717,3647,161,Jan
314,Codebasics Hindi Channel | Codebasics ‡§π‡§ø‡§Ç‡§¶‡•Ä,2021-01-01,4055,193,35,Jan
315,"Skillbasics.com, a website for your tech learning! Wish you all a very happy new year !",2020-12-31,6037,462,89,Dec
316,Build language translator with 3 lines of python code,2020-12-30,77451,1714,164,Dec
317,Top 5 Programming Languages To Learn in 2021,2020-12-27,98143,1403,269,Dec
318,Can anyone learn coding? | How to learn coding faster?,2020-12-26,9677,550,102,Dec
319,"What is YOLO algorithm? | Deep Learning Tutorial 31 (Tensorflow, Keras & Python)",2020-12-25,453055,9941,237,Dec
320,Participate in codebasics contests and win prizes!,2020-12-24,2341,169,38,Dec
321,Life of a programmer in one word,2020-12-24,2771,152,29,Dec
322,"Sliding Window Object Detection | Deep Learning Tutorial 30 (Tensorflow, Keras & Python)",2020-12-23,38337,831,30,Dec
323,Tableau Project For Beginners | Sales Insights : 6 - Feedback From Stakeholders & Profit Analysis,2020-12-21,43713,945,91,Dec
324,My YouTube setup (hardware and software) | Youtube Setup For Coding Channel,2020-12-20,10886,298,39,Dec
325,Tableau Project For Beginners |  Sales Insights :  5 - Build Tableau Dashboard,2020-12-19,80595,1754,112,Dec
326,Tableau Project For Beginners | Sales Insights : 4 - Data Cleaning & ETL in Tableau,2020-12-18,68455,1022,87,Dec
327,Tableau Project For Beginners | Sales Insights : 3 - Data Analysis Using SQL,2020-12-17,103708,1501,144,Dec
328,Tableau Project For Beginners | Sales Insights : 2 - Data Discovery,2020-12-16,71922,963,35,Dec
329,Tableau Project For Beginners | Sales Insights : 1 - Problem Statement,2020-12-15,141187,2405,100,Dec
330,"200k Subscribers, Big announcement and Channel Update",2020-12-12,5313,358,86,Dec
331,Data science career tips from H20.ai machine learning engineer and a Kaggle expert,2020-12-11,10638,272,27,Dec
332,What is GPT3? | GPT3 demo,2020-12-08,24220,681,55,Dec
333,"Popular datasets for computer vision: ImageNet, Coco and Google Open images | Deep Learning 29",2020-12-07,47593,1000,50,Dec
334,Oyo rooms data analyst will teach you how to get a data analyst internship,2020-12-06,58125,2092,114,Dec
335,"Learn coding in 3 months, step by step coding roadmap | How to learn to code for absolute beginners?",2020-12-01,565828,22295,727,Dec
336,Image classification vs Object detection vs Image Segmentation | Deep Learning Tutorial 28,2020-11-30,75299,1658,38,Nov
337,He earned 1.5 lakh rs a month as a freelancer | Live session,2020-11-29,13765,520,32,Nov
338,"Project announcement to help blind people using Computer Vision, NLP & IOT",2020-11-28,4876,250,23,Nov
339,How to get software engineering internship | How to get programming Job,2020-11-28,23901,629,68,Nov
340,Selection Sort in python - Data Structures & Algorithms Tutorial Python #19,2020-11-27,36441,528,69,Nov
341,"Machine Learning Tutorial Python - 17: L1 and L2 Regularization | Lasso, Ridge Regression",2020-11-26,189146,4238,163,Nov
342,"AI will kill all jobs in this world, really?",2020-11-24,22146,869,168,Nov
343,"Transfer Learning | Deep Learning Tutorial 27 (Tensorflow, Keras & Python)",2020-11-23,128050,2740,129,Nov
344,He became top rated freelancer in first 4 months on upwork | Data analyst freelancer,2020-11-22,361321,10452,508,Nov
345,Grocery Store Application - 6. List orders | Python project tutorial,2020-11-21,23576,267,19,Nov
346,Grocery Store Application - 5. Insert order functionality | Python project tutorial,2020-11-20,14719,130,17,Nov
347,Convert python file to exe in less than 2 minutes (.py to .exe),2020-11-20,56139,435,48,Nov
348,Grocery Store Application - 4. Products Frontend | Python project tutorial,2020-11-19,30185,328,38,Nov
349,Grocery Store Application - 3. Products Backend | Python project tutorial,2020-11-18,52110,713,77,Nov
350,Grocery Store Application - 2. Database Design | Python project tutorial,2020-11-17,73223,929,59,Nov
351,Grocery Store Application - 1. Overview | Python project tutorial,2020-11-16,106260,1771,66,Nov
352,Do you need help with live mock coding interviews?,2020-11-07,2849,116,23,Nov
353,Snake and apple game in python pygame - 1. Intro and create surface | Python project tutorial,2020-11-07,38823,710,67,Nov
354,Snake and apple game in python pygame - 2. Converting into OOP | Python project tutorial,2020-11-07,8097,170,13,Nov
355,Snake and apple game in python pygame - 3. Moving block with timer | Python project tutorial,2020-11-07,5288,93,3,Nov
356,Snake and apple game in python pygame - 4. Draw snake and apple | Python project tutorial,2020-11-07,4721,72,13,Nov
357,"Snake and apple game in python pygame - 5. Snake eats apple, find score | Python project tutorial",2020-11-07,9434,80,7,Nov
358,Snake and apple game in python pygame - 6. Game over logic | Python project tutorial,2020-11-07,3746,76,6,Nov
359,"Snake and apple game in python pygame - 7. Add background music,image | Python project tutorial",2020-11-07,6327,61,14,Nov
360,Snake and apple game in python pygame - 8. Convert python to exe | Python project tutorial,2020-11-07,11504,218,16,Nov
361,Organic Farm Visit in my Village,2020-11-04,7125,332,40,Nov
362,"Data augmentation to address overfitting | Deep Learning Tutorial 26 (Tensorflow, Keras & Python)",2020-11-01,99000,1951,122,Nov
363,Shell Sort - Data Structures & Algorithms Tutorial Python #18,2020-10-31,33436,547,38,Oct
364,Noise removal using AI: NVIDIA broadcast,2020-10-30,29000,534,90,Oct
365,"Convolution padding and stride | Deep Learning Tutorial 25 (Tensorflow2.0, Keras & Python)",2020-10-26,64504,1843,48,Oct
366,How to get a job after learning data science skills,2020-10-25,44383,1679,104,Oct
367,Image classification using CNN (CIFAR10 dataset) | Deep Learning Tutorial 24 (Tensorflow & Python),2020-10-24,368797,6037,283,Oct
368,Merge Sort - Data Structures & Algorithms Tutorial Python #17,2020-10-21,83046,1390,113,Oct
369,Simple explanation of convolutional neural network | Deep Learning Tutorial 23 (Tensorflow & Python),2020-10-14,692303,15628,638,Oct
370,How to ask technical questions in a right way?,2020-10-11,2031,138,46,Oct
371,"Applications of computer vision | Deep Learning Tutorial 22 (Tensorflow2.0, Keras & Python)",2020-10-08,69475,2258,61,Oct
372,How to become industry ready when you are in college,2020-10-06,6549,455,70,Oct
373,Surprise announcement for you all (MUST watch),2020-10-04,6452,306,74,Oct
374,How to build logic in programming | Tips to improving logic building in programming,2020-10-03,44340,1707,120,Oct
375,Insertion Sort - Data Structures & Algorithms Tutorial Python #16,2020-10-02,57776,910,75,Oct
376,Announcing Discord Server For Codebasics,2020-10-01,4038,229,50,Oct
377,Handling imbalanced dataset in machine learning | Deep Learning Tutorial 21 (Tensorflow2.0 & Python),2020-09-24,136564,3050,197,Sep
378,"Dropout Regularization | Deep Learning Tutorial 20 (Tensorflow2.0, Keras & Python)",2020-09-23,62850,2016,71,Sep
379,How to earn money by coding | Make money by programming,2020-09-22,152648,5269,263,Sep
380,Quick Sort - Data Structures & Algorithms Tutorial Python #15,2020-09-20,81157,1378,98,Sep
381,Bubble Sort - Data Structures & Algorithms Tutorial Python #14,2020-09-18,64244,1469,79,Sep
382,Binary Search - Data Structures & Algorithms Tutorial Python #13,2020-09-17,58414,1043,85,Sep
383,Complete python roadmap | How to become an expert in python programming,2020-09-13,858549,30002,1034,Sep
384,"Precision, Recall, F1 score, True Positive|Deep Learning Tutorial 19 (Tensorflow2.0, Keras & Python)",2020-09-08,184751,4502,219,Sep
385,"Customer churn prediction using ANN | Deep Learning Tutorial 18 (Tensorflow2.0, Keras & Python)",2020-09-07,130893,2583,183,Sep
386,Data Analyst Career Guidance Live Q&A,2020-09-06,4830,238,21,Sep
387,How important is programming and machine learning for a Data Analyst?,2020-09-05,23105,933,72,Sep
388,codebasics Live Stream,2020-09-02,0,0,0,Sep
389,8 Skills to get a data analyst job | Skills to become successful data analyst,2020-09-02,633085,22516,741,Sep
390,"GPU bench-marking with image classification | Deep Learning Tutorial 17 (Tensorflow2.0, Python)",2020-08-31,52335,1265,86,Aug
391,Data Science In Biology | How a biologist became a data scientist,2020-08-30,11074,351,38,Aug
392,"Tensorboard Introduction | Deep Learning Tutorial 16 (Tensorflow2.0, Keras & Python)",2020-08-29,64336,1450,60,Aug
393,How to pass a coding interview |Interview tips for software developer |Cracking the coding interview,2020-08-26,100418,3069,119,Aug
394,"Chain Rule | Deep Learning Tutorial 15 (Tensorflow2.0, Keras & Python)",2020-08-24,53972,2040,93,Aug
395,"Interview with a siemens data scientist, TEDx speaker | Vijay Pravin Maharajan",2020-08-23,6159,238,25,Aug
396,Graph Introduction - Data Structures & Algorithms Tutorials In Python #12,2020-08-22,141048,2595,173,Aug
397,Building 3500$ Deep Learning Workstation | Deep Learning PC build From Scratch,2020-08-20,31715,723,86,Aug
398,Stochastic Gradient Descent vs Batch Gradient Descent vs Mini Batch Gradient Descent |DL Tutorial 14,2020-08-18,115342,3100,217,Aug
399,"Implement Neural Network In Python | Deep Learning Tutorial 13 (Tensorflow2.0, Keras & Python)",2020-08-15,74016,1364,74,Aug
400,"Loss or Cost Function | Deep Learning Tutorial 11 (Tensorflow Tutorial, Keras & Python)",2020-08-14,104325,2472,91,Aug
401,"Gradient Descent For Neural Network | Deep Learning Tutorial 12 (Tensorflow2.0, Keras & Python)",2020-08-14,125911,3254,300,Aug
402,"Matrix Basics | Deep Learning Tutorial 10 (Tensorflow Tutorial, Keras & Python)",2020-08-04,76782,2009,60,Aug
403,"Derivatives | Deep Learning Tutorial 9 (Tensorflow Tutorial, Keras & Python)",2020-08-01,77975,2350,165,Aug
404,NVIDIA TITAN RTX UNBOXING,2020-07-31,4694,173,49,Jul
405,Data science career tips from Ken Jee (Data scientist and a youtuber),2020-07-21,3948,167,21,Jul
406,"Activation Functions | Deep Learning Tutorial 8 (Tensorflow Tutorial, Keras & Python)",2020-07-20,165810,5786,161,Jul
407,Neural Network For Handwritten Digits Classification | Deep Learning Tutorial 7 (Tensorflow2.0),2020-07-18,296348,5191,439,Jul
408,"Pytorch vs Tensorflow vs Keras | Deep Learning Tutorial 6 (Tensorflow Tutorial, Keras & Python)",2020-07-17,159476,2463,48,Jul
409,"Install tensorflow 2.0 | Deep Learning Tutorial 5 (Tensorflow Tutorial, Keras & Python)",2020-07-16,191716,1673,157,Jul
410,"Neural Network Simply Explained | Deep Learning Tutorial 4 (Tensorflow2.0, Keras & Python)",2020-07-14,270144,10408,954,Jul
411,"What is a neuron? | Deep Learning Tutorial 3 (Tensorflow Tutorial, Keras & Python)",2020-07-13,202632,8821,394,Jul
412,"Why deep learning is becoming so popular? | Deep Learning Tutorial 2 (Tensorflow2.0, Keras & Python)",2020-07-12,158985,2381,56,Jul
413,"Introduction | Deep Learning Tutorial 1 (Tensorflow Tutorial, Keras & Python)",2020-07-11,483914,6505,193,Jul
414,Power BI Project For Beginners | Sales Insights Data Analysis Project - 9 Changes Based On Feedback,2020-07-06,83909,1301,239,Jul
415,Conversation with my brother | Young Entrepreneur and CEO,2020-07-05,3111,155,34,Jul
416,Power BI Project For Beginners |  Sales Insights Data Analysis Project - 8 - Dashboard in mobile app,2020-07-01,42234,815,37,Jul
417,Power BI Project For Beginners |  Sales Insights Data Analysis Project - 7 - Publish A Report,2020-06-30,55559,813,49,Jun
418,Is data science a hype? | Is data science a bubble?,2020-06-29,26408,790,122,Jun
419,Power BI Project For Beginners | Sales Insights Data Analysis Project - 6 - Stakeholders' Feedback,2020-06-28,52640,1040,66,Jun
420,Power BI Project For Beginners | Sales Insights Data Analysis Project - 5 - Build Dashboard,2020-06-27,137812,2059,274,Jun
421,Power BI Project For Beginners |  Sales Insights Data Analysis Project - 4 - Data Cleaning & ETL,2020-06-26,170364,3348,316,Jun
422,Power BI Project For Beginners | Sales Insights Data Analysis Project - 3 - Data Analysis Using SQL,2020-06-25,240494,4441,358,Jun
423,Power BI Project For Beginners | Sales Insights Data Analysis Project - 2 - Data Discovery,2020-06-24,203772,2516,93,Jun
424,Power BI Project For Beginners | Sales Insights Data Analysis Project - 1 - Problem Statement,2020-06-23,440231,6432,233,Jun
425,Artificial Intelligence (AI) vs Machine Learning vs Deep Learning vs Data Science,2020-06-22,73931,1914,136,Jun
426,"Codebasics Live Q&A : 21 June, 2020",2020-06-21,2791,125,13,Jun
427,3 Books that will help you become successful,2020-06-18,2751,153,32,Jun
428,Data Science & Machine Learning Project - Part 8 Deployment & Exercise | Image Classification,2020-06-18,25741,693,72,Jun
429,Data Science & Machine Learning Project - Part 7 Build Website | Image Classification,2020-06-18,31196,283,35,Jun
430,Data Science & Machine Learning Project - Part 6 Flask Server | Image Classification,2020-06-16,31527,495,88,Jun
431,How B com graduate became a data analyst | Data analyst career transition,2020-06-15,165113,4474,335,Jun
432,Data Science & Machine Learning Project - Part 5 Training a Model | Image Classification,2020-06-15,31711,404,45,Jun
433,Data Science & Machine Learning Project - Part 4 Feature Engineering | Image Classification,2020-06-14,35554,498,57,Jun
434,"Data Science Interview Tips, Career Guidance With Ken Jee, Krish Naik, Data Professor & Codebasics",2020-06-14,7718,451,38,Jun
435,Data Science & Machine Learning Project - Part 3 Data Cleaning | Image Classification,2020-06-13,82496,1464,278,Jun
436,Data Science & Machine Learning Project - Part 2 Data Collection | Image Classification,2020-06-12,62087,784,46,Jun
437,Data Science & Machine Learning Project - Part 1 Introduction | Image Classification,2020-06-12,110023,1591,78,Jun
438,Is Becoming a Data Scientist Hard?,2020-06-11,51262,1906,105,Jun
439,Data Analyst Interview & Job Tips With A Data Analyst | Mechanical Engineer to Data Analyst,2020-06-09,62982,1511,117,Jun
440,Data Analyst Resume Review Session | Review 27 Real Resumes For Data Analyst Position,2020-05-31,63798,1588,85,May
441,Preparing Vegetable Garden For Summer 2020,2020-05-30,2873,135,59,May
442,Outlier detection and removal using IQR | Feature engineering tutorial python # 4,2020-05-29,64108,1279,124,May
443,"Outlier detection and removal: z score, standard deviation | Feature engineering tutorial python # 3",2020-05-28,90731,1833,118,May
444,"Career guidance, job tips with Amazon Engineer and Cox AI director Part 2",2020-05-26,1130,39,10,May
445,"Career guidance, job tips with Amazon Engineer and Cox AI director Part 1",2020-05-26,2435,95,17,May
446,Outlier detection and removal using percentile | Feature engineering tutorial python # 2,2020-05-26,113263,2022,127,May
447,What is feature engineering | Feature Engineering Tutorial Python # 1,2020-05-25,114069,1823,66,May
448,Binary Tree Part 2 | BST | Binary Search Tree - Data Structures & Algorithms Tutorials In Python #11,2020-05-21,64679,1306,182,May
449,Binary Tree Part 1 | BST | Binary Search Tree - Data Structures & Algorithms Tutorials In Python #10,2020-05-19,171622,2656,159,May
450,Silver Button & A Big Thanks!,2020-05-16,3242,318,112,May
451,How a mechanical engineer became a data analyst,2020-05-11,57284,1459,160,May
452,How to get programming experience without having a job | 5 Tips on getting real coding experience,2020-05-10,22309,895,54,May
453,Can anyone learn coding?,2020-05-06,22900,1041,124,May
454,How to learn anything effectively? | How to learn things effectively?,2020-04-30,153328,6763,182,Apr
455,Tree (General Tree) - Data Structures & Algorithms Tutorials In Python #9,2020-04-27,205692,3651,204,Apr
456,Tips to improve programming skills,2020-04-25,14841,680,55,Apr
457,Queue - Data Structures & Algorithms Tutorials In Python #8,2020-04-19,114463,1821,113,Apr
458,Coding Best Practices With Examples | Code Review Best Practices,2020-04-17,41396,784,46,Apr
459,100K subscribers. Thanks For Your Support & Love!,2020-04-15,1315,134,132,Apr
460,How to learn coding for beginners | Learn coding for free | learn coding from scratch,2020-04-05,411653,9807,528,Apr
461,Stack - Data Structures & Algorithms Tutorial In Python #7,2020-03-31,174241,3288,150,Mar
462,Data analyst interview tips | How to prepare for data analyst interview,2020-03-28,175753,5525,142,Mar
463,Collision Handling In Hash Table - Data Structures & Algorithms Tutorials In Python #6,2020-03-22,124010,2385,191,Mar
464,Hash Table - Data Structures & Algorithms Tutorials In Python #5,2020-03-22,272439,5422,211,Mar
465,Linked List - Data Structures & Algorithms Tutorials in Python #4,2020-03-16,531941,9977,524,Mar
466,Data Analyst Resume Examples | Data Analyst Resume Sample,2020-03-13,76291,1735,92,Mar
467,Arrays - Data Structures & Algorithms Tutorials in Python #3,2020-03-12,313454,5448,273,Mar
468,Data Structures & Algorithms Tutorial in Python #1 - What are data structures?,2020-03-07,651164,10896,245,Mar
469,How my health struggle inspired me to start YouTube Channel?,2020-03-06,13468,1103,298,Mar
470,Big O notation - Data Structures & Algorithms Tutorial #2 | Measuring time complexity,2020-03-03,529872,10755,405,Mar
471,Deploy machine learning model to production AWS (Amazon EC2 instance),2020-02-24,82435,1083,285,Feb
472,"Feb 22, 2020: Live Q&A With Codebasics",2020-02-22,2298,89,20,Feb
473,"Codebasics Live Q & A - Feb 19, 2020",2020-02-19,1673,83,26,Feb
474,How to switch career to data science from non computer science background,2020-02-16,142392,5734,454,Feb
475,What is ETL | What is Data Warehouse | OLTP vs OLAP,2020-02-15,348922,9338,360,Feb
476,Skills required for data analyst | How to learn data analyst skills for free,2020-02-08,540105,24324,2595,Feb
477,Data Analyst vs Data Engineer vs Data Scientist,2020-02-01,162040,4969,275,Feb
478,Data Scientist Salary: How much a data scientist earn,2020-01-04,19810,367,53,Jan
479,Machine Learning & Data Science Project - 4 : Outlier Removal (Real Estate Price Prediction Project),2020-01-01,124007,1355,194,Jan
480,Machine Learning & Data Science Project - 7 : Website or UI (Real Estate Price Prediction Project),2020-01-01,85378,1169,215,Jan
481,Machine Learning & Data Science Project - 6 : Python Flask Server (Real Estate Price Prediction),2020-01-01,122107,928,367,Jan
482,Machine Learning & Data Science Project - 5 : Model Building (Real Estate Price Prediction Project),2020-01-01,121101,1367,212,Jan
483,Machine Learning & Data Science Project - 3 : Feature Engineering (Real Estate Price Prediction),2020-01-01,122784,1268,92,Jan
484,Machine Learning & Data Science Project - 2 : Data Cleaning (Real Estate Price Prediction Project),2020-01-01,240203,2771,236,Jan
485,Machine Learning & Data Science Project - 1 : Introduction (Real Estate Price Prediction Project),2020-01-01,299301,3163,81,Jan
486,What is Data Science? | Free Data Science Course | Data Science for Beginners | codebasics,2019-12-10,453659,6128,338,Dec
487,Machine Learning Tutorial Python - 16: Hyper parameter Tuning (GridSearchCV),2019-11-23,230830,5388,334,Nov
488,Machine Learning Tutorial Python - 15:  Naive Bayes Classifier Algorithm Part 2,2019-11-17,90688,2159,305,Nov
489,Machine Learning Tutorial Python - 14: Naive Bayes Classifier Algorithm Part 1,2019-11-16,175819,2548,133,Nov
490,"Channel Update: Hindi Channel, Health, Deep Learning",2019-10-06,3818,100,51,Oct
491,50k Subscribers and Channel Update!,2019-06-22,8049,104,126,Jun
492,Drinking Raw Goat Milk In India,2019-05-10,10076,133,58,May
493,9. For loop [Python 3 Programming Tutorials],2019-05-08,145729,1644,68,May
494,21. Generators [Python 3 Programming Tutorials],2019-05-08,23459,294,9,May
495,1. Install python on windows [Python 3 Programming Tutorials],2019-05-08,211011,1712,47,May
496,12.1 - Install Python Module (using pip) [Python 3 Programming Tutorials],2019-05-08,147101,1009,65,May
497,13. Working With JSON [Python 3 Programming Tutorials],2019-05-08,102539,1363,40,May
498,24. Command line argument processing using argparse [Python 3 Programming Tutorials],2019-05-08,40069,652,29,May
499,10. Functions [Python 3 Programming Tutorials],2019-05-08,124264,1610,53,May
500,8. If Statement [Python 3 Programming Tutorials],2019-05-08,131035,1397,81,May
501,5. Lists [Python 3 Programming Tutorials],2019-05-08,154482,1878,61,May
502,7. Debug Python code using PyCharm [Python 3 Programming Tutorials],2019-05-08,131150,1366,46,May
503,"14. if __name__ == ""__main__"" [Python 3 Programming Tutorials]",2019-05-08,88521,1118,44,May
504,16. Class and Objects [Python 3 Programming Tutorials],2019-05-08,86161,1335,57,May
505,2. Variables in python [Python 3 Programming Tutorials],2019-05-08,239621,2090,42,May
506,12. Modules [Python 3 Programming Tutorials],2019-05-08,98298,1243,30,May
507,25. Decorators [Python 3 Programming Tutorials],2019-05-08,20014,365,42,May
508,11. Dictionaries and Tuples [Python 3 Programming Tutorials],2019-05-08,99040,1131,72,May
509,23. Sets and Frozen Sets [Python 3 Programming Tutorials],2019-05-08,19763,303,10,May
510,6. Install PyCharm on Windows [Python 3 Programming Tutorials],2019-05-08,122441,1103,34,May
511,19. Raise Exception And Finally [Python 3 Programming Tutorials],2019-05-08,26560,313,12,May
512,17. Inheritance [Python 3 Programming Tutorials],2019-05-08,40748,586,36,May
513,4. Strings [Python 3 Programming Tutorials],2019-05-08,162298,1724,69,May
514,20. Iterators [Python 3 Programming Tutorials],2019-05-08,27498,353,13,May
515,22. List Set Dict Comprehensions [Python 3 Programming Tutorials],2019-05-08,19381,284,5,May
516,15. Exception Handling [Python 3 Programming Tutorials],2019-05-08,68382,898,28,May
517,3. Numbers [Python 3 Programming Tutorials],2019-05-08,183243,2029,63,May
518,18. Multiple Inheritance [Python 3 Programming Tutorials],2019-05-08,25253,317,20,May
519,Machine Learning Tutorial Python - 13:  K Means Clustering Algorithm,2019-02-04,539998,10396,569,Feb
520,Machine Learning Tutorial Python 12 - K Fold Cross Validation,2019-01-26,303137,6700,561,Jan
521,Machine Learning Tutorial Python - 11  Random Forest,2018-12-23,292820,3817,333,Dec
522,Machine Learning Tutorial Python - 10  Support Vector Machine (SVM),2018-12-19,336361,4543,433,Dec
523,Machine Learning Tutorial Python - 9  Decision Tree,2018-11-17,416202,5745,898,Nov
524,Machine Learning Tutorial Python - 8  Logistic Regression (Multiclass Classification),2018-09-21,228376,3028,375,Sep
525,Machine Learning Tutorial Python - 8:  Logistic Regression (Binary Classification),2018-09-07,471253,7037,561,Sep
526,My Vegetable Garden,2018-09-02,3608,151,34,Sep
527,Machine Learning Tutorial Python - 7: Training and Testing Data,2018-08-09,409906,6325,337,Aug
528,Machine Learning Tutorial Python - 6: Dummy Variables & One Hot Encoding,2018-08-06,309887,4827,600,Aug
529,Machine Learning Tutorial Python - 5: Save Model Using Joblib And Pickle,2018-07-29,227270,3252,169,Jul
530,Machine Learning Tutorial Python - 4: Gradient Descent and Cost Function,2018-07-22,520191,7950,663,Jul
531,Machine Learning Tutorial Python - 3: Linear Regression Multiple Variables,2018-07-04,493794,6640,649,Jul
532,Machine Learning Tutorial Python - 2: Linear Regression Single Variable,2018-07-01,826304,11020,1199,Jul
533,Machine Learning Tutorial Python -1: What is Machine Learning?,2018-06-30,894267,10211,215,Jun
534,"Python Pandas Tutorial 14: Read Write Data From Database (read_sql, to_sql)",2018-05-05,179474,2274,164,May
535,Matplotlib Tutorial 7 - Save Chart To a File Using savefig,2018-01-01,46249,710,64,Jan
536,Matplotlib Tutorial 6 - Pie Chart,2017-12-10,76821,1085,40,Dec
537,Matplotlib Tutorial 5 - Histograms,2017-12-08,105610,1364,60,Dec
538,Matplotlib Tutorial 4 - Bar Chart,2017-12-06,134024,1610,92,Dec
539,"Matplotlib Tutorial 3 - Axes labels, Legend, Grid",2017-12-03,102247,1213,56,Dec
540,Matplotlib Tutorial 2 - format strings in plot function,2017-12-03,70159,902,38,Dec
541,Matplotlib Tutorial 1 - Introduction and Installation,2017-12-02,140613,1446,55,Dec
542,numpy tutorial: iterate numpy array using nditer | numpy nditer,2017-12-02,73501,1265,74,Dec
543,Pandas Time Series Analysis 6: Shifting and Lagging,2017-09-03,60566,793,54,Sep
544,Pandas Time Series Analysis 6: Timezone Handling,2017-08-27,32669,372,21,Aug
545,Pandas Time Series Analysis 5: Period and PeriodIndex,2017-08-14,47317,563,44,Aug
546,Pandas Time Series Analysis 4: to_datetime,2017-08-01,52121,592,31,Aug
547,Pandas Time Series Analysis 3: Holidays,2017-07-29,51891,717,60,Jul
548,Pandas Time Series Analysis Part 2: date_range,2017-07-22,79468,1054,59,Jul
549,Pandas Time Series Analysis Part 1: DatetimeIndex and Resample,2017-07-15,188623,2700,158,Jul
550,Python Pandas Tutorial 13. Crosstab,2017-07-06,94888,1794,62,Jul
551,Python Pandas Tutorial 12. Stack Unstack,2017-07-02,83537,1519,61,Jul
552,5000 subscribers: Recap on channel history and future tutorials,2017-06-27,1530,97,28,Jun
553,Python Pandas Tutorial 11. Reshape dataframe using melt,2017-06-24,102033,1496,67,Jun
554,Python Pandas Tutorial 10. Pivot table,2017-06-04,227248,3287,138,Jun
555,Python Pandas Tutorial 9. Merge Dataframes,2017-05-27,217497,3569,194,May
556,Why Should You Learn Python? | Complete python3 tutorials for beginners,2017-05-23,366003,7215,137,May
557,Python Pandas Tutorial 8. Concat Dataframes,2017-05-14,176195,2736,94,May
558,Python Pandas Tutorial 7. Group By (Split Apply Combine),2017-03-26,301772,4919,285,Mar
559,Python Pandas Tutorial 6. Handle Missing Data: replace function,2017-02-26,180270,3702,153,Feb
560,"Python Pandas Tutorial 5: Handle Missing Data: fillna, dropna, interpolate",2017-02-17,352548,6604,285,Feb
561,Python Pandas Tutorial 4: Read Write Excel CSV File,2017-02-04,632435,8431,506,Feb
562,Python Pandas Tutorial 3: Different Ways Of Creating DataFrame,2017-01-31,286149,4351,92,Jan
563,Python Pandas Tutorial 2: Dataframe Basics,2017-01-28,697549,10626,440,Jan
564,Python Pandas Tutorial 1. What is Pandas python? Introduction and Installation,2017-01-21,1006048,11251,371,Jan
565,Jupyter Notebook Tutorial / Ipython Notebook Tutorial,2017-01-15,113303,1708,141,Jan
566,What is Anaconda? Install Anaconda On Windows.,2017-01-14,161686,1588,65,Jan
567,What is Jupyter Notebook? | Jupyter Notebook Tutorial in Python,2017-01-09,357513,4444,122,Jan
568,"numpy tutorial - slicing/stacking arrays, indexing with boolean arrays",2016-12-28,135246,2883,91,Dec
569,numpy tutorial - basic array operations,2016-12-26,223506,2773,87,Dec
570,numpy tutorial - introduction | numpy array vs python list,2016-12-25,267188,2275,102,Dec
571,Python unit testing - pytest parameters,2016-12-23,34707,371,32,Dec
572,Python Decorators Tutorial,2016-12-19,97759,1994,153,Dec
573,Python unit testing - pytest fixtures,2016-12-17,87058,1026,50,Dec
574,What is memory leak?,2016-12-13,72581,1296,54,Dec
575,Python unit testing - skip/selectively run tests in pytest,2016-12-10,39859,350,25,Dec
576,Python unit testing - pytest introduction,2016-12-04,157039,973,68,Dec
577,What is code?,2016-12-03,35340,457,25,Dec
578,Python Tutorial - 31. Multiprocessing Pool (Map Reduce),2016-10-15,88952,1650,145,Oct
579,Python Tutorial - 30. Multiprocessing Lock,2016-09-29,56231,842,51,Sep
580,Python Tutorial - 29. Sharing Data Between Processes Using Multiprocessing Queue,2016-09-24,84419,1129,65,Sep
581,Git Tutorial 8 - .gitignore file,2016-09-18,265006,2702,122,Sep
582,Python Tutorial - 28. Sharing Data Between Processes Using Array and Value,2016-09-17,80124,915,55,Sep
583,Python Tutorial - 27. Multiprocessing Introduction,2016-09-06,148467,1716,99,Sep
584,Difference between Multiprocessing and Multithreading,2016-09-05,217934,2200,74,Sep
585,Git Tutorial 9: Diff and Merge using meld,2016-08-21,67400,571,44,Aug
586,Git Tutorial 7: What is HEAD?,2016-08-20,61477,855,57,Aug
587,Git Github Tutorial 10: What is Pull Request?,2016-08-13,223980,3376,241,Aug
588,"Git Tutorial 6: Branches (Create, Merge, Delete a branch)",2016-08-10,222441,2520,160,Aug
589,Git Tutorial 5: Undoing/Reverting/Resetting code changes,2016-08-06,237903,2451,169,Aug
590,"Git Tutorial 4: Basic Commands: add, commit, push",2016-07-31,401835,4242,198,Jul
591,Git Tutorial 2 : What is Github? | github tutorial,2016-07-24,78439,749,30,Jul
592,Git Tutorial 1: What is git / What is version control system?,2016-07-23,130167,1468,64,Jul
593,Git Tutorial 3:  How To Install Git,2016-07-23,45018,298,18,Jul
594,Python Tutorial - 26. Multithreading - Introduction,2016-06-19,244793,3372,228,Jun
595,Debugging Tips - Watches and Call Stack,2016-06-02,7868,120,10,Jun
596,Debugging Tips - Conditional Breakpoint,2016-05-29,9727,164,10,May
597,Debugging Tips - What is bug and debugging?,2016-05-28,178099,2057,58,May
598,Python Tutorial - 25. Command line argument processing using argparse,2016-05-14,88389,1033,102,May
599,Python Tutorial - 24. Sets and Frozen Sets,2016-05-08,19809,261,14,May
600,Python Tutorial - 23. List Set Dict Comprehensions,2016-05-02,19305,248,17,May
601,Python Tutorial - 22. Generators,2016-04-30,43476,446,30,Apr
602,Python Tutorial - 21. Iterators,2016-04-23,51563,453,44,Apr
603,Python Tutorial - 20. Raise Exception And Finally,2016-04-19,35493,237,24,Apr
604,Python Tutorial  - 19. Multiple Inheritance,2016-04-09,27981,251,17,Apr
605,Julia Tutorial - 10. Exception Handling,2016-04-03,4067,40,10,Apr
606,Julia Tutorial - 9. Tasks (a.k.a. Generators or Coroutines),2016-04-03,6228,54,8,Apr
607,Python Tutorial - 12.1 - Install Python Module (using pip),2016-04-01,107049,927,72,Apr
608,Julia Tutorial - 8. begin and (;) Compound Expressions,2016-03-28,4371,25,1,Mar
609,Python Tutorial  - 18. Inheritance,2016-03-27,48257,504,57,Mar
610,Julia Tutorial - 7. For While Loop,2016-03-22,7078,45,4,Mar
611,Julia Tutorial - 6. If Statement and Ternary Operator,2016-03-20,5126,31,1,Mar
612,Julia Tutorial - 5. Functions,2016-03-20,9622,77,9,Mar
613,Python Tutorial -  17. Class and Objects,2016-03-13,170045,2220,138,Mar
614,Julia Tutorial - 4. Strings,2016-03-02,6371,51,8,Mar
615,Julia Tutorial - 3. Complex and Rational Numbers,2016-02-28,8635,66,5,Feb
616,Python Tutorial  - 16. Exception Handling,2016-02-27,38173,326,24,Feb
617,Julia Tutorial - Why Should I Learn Julia Programming Language,2016-02-24,112933,936,61,Feb
618,"Python Tutorial - 15. if __name__ == ""__main__""",2016-02-20,74529,834,26,Feb
619,Julia Tutorial - 2. Numbers,2016-02-18,11303,82,5,Feb
620,Julia Tutorial - 1. Variables,2016-02-15,19146,110,9,Feb
621,Python Tutorial - 14. Working With JSON,2016-02-14,112822,1159,92,Feb
622,How to install Julia on Windows,2016-02-13,27945,163,11,Feb
623,Python Tutorial - 13. Reading/Writing Files,2016-02-07,159734,1906,123,Feb
624,Python Tutorial - 12. Modules,2016-01-31,42813,366,23,Jan
625,Python Tutorial - 11. Dictionaries and Tuples,2016-01-17,39928,408,37,Jan
626,Python Tutorial -  10. Functions,2016-01-10,44221,478,82,Jan
627,Python Tutorial - 9. For loop,2016-01-02,25546,223,58,Jan
628,Python Tutorial -  8. If Statement,2015-12-26,22989,177,23,Dec
629,PyCharm Tutorial - 7. Debug python code using PyCharm,2015-12-26,87572,670,63,Dec
630,Python Tutorial - 6. Install PyCharm on Windows,2015-12-24,20667,162,24,Dec
631,Python Tutorial - 5. Lists,2015-12-20,34393,317,55,Dec
632,Python Tutorial - 4. Strings,2015-12-20,28510,316,28,Dec
633,Python Tutorial - 3. Numbers,2015-12-20,32220,318,31,Dec
634,Python Tutorial - 2. Variables,2015-12-20,42394,333,24,Dec
635,Python Tutorial - 1. Install python on windows,2015-12-20,47534,372,16,Dec
